Id,bizarre,boring,calm,cheerful,cold,comic,creepy,cute,depressed,dreamy,fluttered,frustrating,grand,peaceful,rhythmic,serious,speedy,tense,touching
1,3.745278090836199,-12.047137603545508,-2.2527381211731767,0.026632405722065593,-4.912661814743332,-10.9376495766781,0.26860030102597277,-13.26233568796408,-1.1923079536670045,-0.20647332892048853,-0.5668292209714438,-27.932156067336926,-2.039823109001918,-5.04993424822883,0.01704094289819677,-0.6370990617848238,0.27377522482591643,0.5100720281693499,-0.5509408844697927
2,-2.2986697091307877,-5.554840700465011,-1.8711227524528702,-0.005373992437586813,-4.198579515942969,-19.607942662223273,-1.461233444727006,-6.132452391623353,-0.4245526280425113,-1.7693919556034348,1.4155738767229653,-7.847282464254704,1.1747594323391066,-6.405006225920573,0.09677312627997674,0.7486240735457623,1.0720879161947388,0.689087135317047,-0.5156959640109864
3,-4.27956639817463,-15.930088547986603,-1.0809535105123325,0.020159088944691237,1.4714046394754607,-2.5063767155848247,1.9600697074414426,3.141423215878902,-0.5332658237497845,-1.776114940266617,0.6079940329475273,-30.15694765705151,-6.582880576084955,3.1474035393149036,0.060648346857479635,-0.1983528482810532,1.231479113285815,0.23759023216838668,-0.21484233237845465
4,-11.813789905078085,-19.802520345846357,-3.4621356503996514,-0.0007469234289726192,-7.294350279178454,-41.09432639763513,-2.224429393956611,-16.587890726790455,-1.061373304779635,-2.3054887041830394,-0.2900874601315148,-4.729964370949299,-0.2853369567211166,-6.390704361460262,0.1958932294902062,0.6892512063161212,2.0423127170377864,1.07079042908247,-0.6866883203560439
5,-2.4357766321059833,-18.241156872135083,-1.772654466046143,0.01987247837624641,-2.9280417542966037,-4.686745415408706,-0.8486841644254548,-14.69552484751154,-0.7547866819482814,-1.4114093915799664,1.380279359833447,-27.692627846260137,-0.5726006447510903,3.3885520667004974,0.01152128575784575,-0.29623177195239375,-1.420559906686262,0.2533250029717601,-0.04247607171021711
6,-5.460512472199981,-5.858250354241804,-0.1861894739519735,0.014978653628206027,0.7762705644212833,2.1913932313286697,2.106106753536904,12.043485926042889,-0.042405843588272596,-0.14408618588790176,-1.6561797642712257,-19.479322800233064,-5.453074640252339,3.1903182498632345,-0.021556636332719047,-0.2949214046057285,-2.2685160525939527,-0.18152468574218059,-0.25223005005966137
7,-1.6031714270296447,-13.51673030318513,0.16161612235631206,0.0041194940192310825,3.3601777250346334,-8.688582025903763,-2.519981955618346,-9.859020133546494,0.03569157389852734,0.4328489848123833,-0.24589533325508495,-25.16737544403575,-8.612396079550232,4.454366879044882,-0.12108196801905935,-0.390210027895001,-5.485679303939196,-0.9424604296388377,0.3607381581149699
8,2.9718554833406703,-3.953030284550504,-1.406602170810784,0.006381775397578124,-3.6617211715426277,-22.943385366130094,-0.21523981612321608,-2.647177179967701,-0.09790472714727882,-0.5695901596473039,-1.0507041089776208,-13.587365445151029,-4.502773711298179,-1.8502184767722194,-0.011803492085318622,0.04843490098200921,-0.329559476171427,0.12147072108377602,-0.3711095435471157
9,3.9624700657045775,-8.182243542835149,-0.18900363147514632,-0.025299736108250457,-2.0054010172850822,-10.803369946878247,-3.9129155994872526,0.1927347552123484,0.36205766760384606,-0.4092112215701385,0.6141431545204941,-9.454282448649744,-2.199057354529449,-5.481642280671336,-0.11137323212544775,0.4839289894890573,-4.804870046332704,-0.3556461799623707,0.04986141199513078
10,-1.8653469073411095,-14.459867512140582,-0.6064386447333414,-0.011599066950651618,-2.030471143232102,-19.804955775342897,-5.400455606672547,-1.9541600209021288,0.6018231635968229,-0.06948316349716985,0.011828234932763304,-7.944110832126793,-7.062547656047412,-2.9459571876145363,-0.11328747306936823,0.3629584133899359,-0.2619747355463635,-0.105517643769958,-0.4565497474300138
11,-8.87768736185511,-17.670362301975533,-3.9243767020154126,0.04781628975754987,-1.931908564225241,-0.054199048988474274,-3.1804640928879078,-1.643381133172697,-1.8157251895905113,-1.1539156910345931,-0.7471522085039306,-1.5774473166833296,2.085604805924671,-6.227587796100913,0.12128155936055061,-0.7653802328129085,2.2007260702158185,0.19366328880090874,-0.659235612322798
12,-0.20617591664981783,-11.497645206413392,2.2472181283190027,-0.037498355266015554,1.8048794070332024,-1.6786140674911376,1.1121432312763369,-14.576050722884897,1.0578761483570478,1.8111691358206798,-4.664248556358938,-34.82465381332257,-12.539605092730994,-2.9515883754161134,-0.10274083549648608,0.4678338918813227,-4.293234819513707,-0.3134587066637268,0.043322114694537506
13,-4.1638504001850265,-11.911473993508286,-0.5431403214207409,0.021005398664760845,-1.847166265166642,-0.9525947989843946,0.3617353446274123,-8.719666250263822,-0.532871099352354,-0.924700531303356,0.24208022926403294,-14.319395903760396,-7.446041599725848,1.5797418034641544,-0.004417281742293298,-0.2078521738276657,-2.207468285523065,-0.05089635751242076,-0.2588963274684201
14,6.899068717162863,-13.659218804276822,-2.7430287417510084,0.01282285452852409,-1.1378252026760396,-1.0662562111078397,-2.8952929736009674,6.770341540305477,-0.2575730784271924,-0.786010759006152,-1.093582288326287,-10.667893835196267,-3.120570178778924,-8.155774186543919,-0.019983883423146685,0.21865490733253024,0.08198644888073581,0.44975028775425485,-0.7304410944554971
15,-2.6752635772058238,-12.957477256124534,-1.8832925097580362,0.026502844546783692,-1.0316680477848266,-0.7080128323285795,-0.604667795173214,-0.6860345127292984,-0.7561567716177721,-0.7892081979314713,-1.6995912528043902,-8.514279363243116,-3.410049870148322,-1.831268502042108,0.032950749287236306,-0.46106378593699276,-0.21616900149638651,0.09489478883131114,-0.3868284691467745
16,-6.937052655844672,-14.614662359531396,-1.9455500387957532,0.005581582946778631,-5.055127206173724,-5.229196160660532,-9.60594763940176,-3.3669318084080917,-0.34351151063917995,-0.4848296587791723,0.6692663617472936,-5.276692990930341,-2.4981550821831675,1.5841107622566415,-0.03189271630944545,-0.12369777666122705,-0.23259132440804087,-0.08424975503232535,-0.2498790350589215
17,-4.53112977464119,-6.542261752432025,-0.716100506571688,0.013248180300883022,-8.797713777434545,-5.9487280885883695,-7.513485705341921,-8.962193228879766,-0.1268978925397116,-1.0630856088392577,-0.9684778387143025,-11.859408962330027,-3.02134069970423,-0.8333465617409108,-0.08013638112205262,-0.1837813259265626,-2.5017073749726757,-0.22985426092548966,-0.3103290325263152
18,-5.493240312799691,-6.14514020590034,1.3093940496209524,-0.02061055440860204,-11.74412093090092,-22.543891573181817,-4.075696608680513,-3.991628178964188,0.7914435690566307,-0.46260766916011864,-2.572753159261823,-7.231531893145674,-16.73225264880096,0.42799911084564135,-0.12782824560748632,-0.05526691133292691,-3.486357235381889,-0.6610775164715033,-0.14140851757534817
19,-6.97719403306934,-13.706673208317373,-0.44633283260399703,-0.02050726047243361,6.484586252077771,-8.19600994526157,-3.412680325488364,-2.0522784146293094,-0.041271971524611734,0.26751415935119516,-1.4639757233724624,-23.68815904152217,-3.051497256970146,-0.31272489715853813,0.005664135007684361,0.24004369464651337,-2.1963388514264164,-0.12951930261216976,0.20185247300077264
20,0.538150570258034,-25.121196286377128,-2.0908068132376134,0.009013728922205845,-8.857051239345974,-19.080593448345184,-3.5989925873419395,-24.931338354096148,-0.7533971628944329,-2.550876725291573,1.6243945542459912,-14.668107740450944,1.6432939642875368,-5.236999562124654,0.1195736665749106,0.28828305427740225,1.2095815208265266,0.6809732665860848,-0.3345285161438797
21,-0.3725696148009159,-11.230154428240265,-2.1619742113735936,0.031043953930824982,-5.963741518091959,-7.017878906329205,-0.7461805916396638,-1.6008421437615628,-1.2177337154308459,-0.46009995079802357,-0.28322015258716005,-29.060487079891445,1.2424627247932953,-1.7818396363337188,0.02662685545702942,-0.6940328709169733,-0.25271735357467195,0.5454164677799838,-0.28243659837962026
22,-2.021499381652723,-12.01837706433499,-1.0205619915712612,0.00042237756589306097,-5.7100921233963895,-0.4720255587605333,-5.456819792132929,2.3312560437700913,-0.40947506637149317,-0.6525609923792509,-0.42517866771516233,-25.822792588088483,-5.264656030175766,3.2543177472166898,-0.04353247537095503,-0.4469597351060182,0.24238398760183855,-0.26637244076903377,-0.3008592850293151
23,1.2103720612980968,-11.96946982506255,-0.282192148021825,0.011383751904638967,-0.5077060176180765,4.4548185207649205,0.9972608118463064,3.576221983421176,-0.16152485334479783,-0.5171225321348092,-0.24625940464164786,-17.229462878131564,-2.489756771158821,-1.3835216570067697,-0.08352840168471612,-0.2089340138603168,-0.7677065426082099,-0.11906355518496153,-0.4611066077413727
24,-2.251351355619602,-11.569246510490538,0.20664695487503904,0.006833946552524705,-5.5759840274453785,2.2059960332712443,0.10078331033760168,-4.98325143884787,0.10316142048696753,-0.5786467713031207,-0.2021772350641341,-13.214136828688131,-11.558863058676689,0.11678911063742325,-0.05697609710205282,-0.34938180090066023,-3.369780538251254,-0.6548594928581041,-0.1737487355884916
25,-2.6315187108142215,-11.747744884074823,-1.531809594274164,0.007376762014578615,0.6439538115577133,-5.463951640169387,-1.955534261939596,-0.2295771406540057,-0.4351754358516903,-0.10411091312552917,0.050555428306959804,-14.726269002313478,-3.903775968136234,0.5475334438319834,-0.009560471150813363,-0.007437587745305799,0.5572992746290959,-0.017425434030432133,-0.27432577949572606
26,-3.3357066275873293,-12.67568708449226,-1.7964210328495838,0.005755049164285972,0.621341293793948,-13.149342466181979,-0.44699113766479615,-4.0494951759924485,-0.21603438249649637,-0.39919943325892093,0.711458341930163,-12.267770735597182,-8.263091750214464,-2.564914553169711,0.006200573057770761,0.0507143317226966,1.2541089803520185,-0.0922063537860831,-0.33726173634198275
27,5.62312732607625,1.690256317669169,1.2215421285544164,0.0007349242130115863,8.895647189220835,2.694624235211867,5.924353875685435,-2.8693685612653335,0.015418098054119311,-0.09864471890437662,-2.1955395990920477,-22.580922415089642,-19.7597829230929,-2.693286869210023,-0.014462250999149471,0.3882786469614741,-1.8571787180380823,0.13364048184341262,-0.18757932711585862
28,-11.441938212464493,-17.012053876997893,-3.860161063126815,-0.005354417584422741,-0.9150987014261918,-8.431737914186021,-3.3306248374229277,-4.229439259727436,-1.1708819955989116,-1.8078957240727682,0.9840142266321703,-6.305255867124696,-2.5668894123498056,-2.6222791533979404,0.13132888231472306,0.31279471270862563,1.5828037997284856,0.8070411061342453,-0.17559629302549906
29,-1.9666741819051088,-5.373583049121386,-0.31108704577027135,-0.015360659227503667,-5.042977108915035,-21.061852732695137,-4.83612341071833,-3.7136698286917995,0.48483389741534955,-0.525375187705703,0.008671822109704186,-6.310330262315745,-1.9596663116367035,-0.8588155549576738,-0.1405363647902947,0.25778159169653264,-3.9505039799416206,-0.29382737312443463,-0.05454703324846605
30,1.0945603612076793,-21.64716009670181,-3.5437471475938,0.006815904994724214,-1.3287942936700519,-40.17702717578236,-3.0409901962668457,-25.509907553284478,-0.8467186513419144,-2.18473783028354,-1.4912962543267139,-3.4797108621961286,2.7978559933929734,-6.87845035564045,0.17260713715889042,0.3566670392135107,1.6807894276229145,1.0226651356913115,-0.6796888979184421
31,-2.2021796680813135,-5.6788221460974295,-2.559696409544651,0.012254332049287673,-2.6020304936133742,-19.064057759510654,-0.8745729325570704,-9.254022260462818,-0.7157470025876919,-1.166785183410214,0.5377892996452249,-15.591095921378956,2.616799921910536,-5.216536355327663,0.0711370091380485,0.00792163327604975,0.14589271595309694,1.0004857306977095,-0.4147775024009993
32,-0.5066266024755972,0.0012560697003678456,0.8605968085502057,-0.04347510739001366,-1.2164945807034542,-20.6965294999667,-2.251666511971999,-3.083900233068331,1.0090282535806003,-1.0601784559123413,-0.27606394704351095,-25.728294559470356,-3.574705368468724,-5.167576019190818,-0.11122325791701025,0.6234704444223355,-3.141358918503128,-0.5314704827597981,0.049112389225617115
33,10.478313576739748,7.140235560182383,1.0257575084552624,0.002012519694516761,2.6720652450918054,-8.63528310320399,6.971100104012887,2.6999798715949526,-0.3176649650347181,-0.7225408447015484,-1.676519339652402,-25.800851705278944,-15.723023574158734,-3.481597330152317,-0.021678142431914665,0.29966910279244574,-0.7614887929863718,0.1947987698009694,-0.2443102757440249
34,4.248293167460325,-9.527905578960702,-0.6220847109065394,-0.010607901852368078,-5.739483316954841,-41.95401733136803,-5.5259823178422085,-9.390361355796433,-0.5779265935171857,0.14784678232544052,-3.6236403125066454,-21.38197785622982,-11.349280717298779,-1.4873328424654664,-0.06789135559882067,-0.39591178357089224,-1.3884997396271137,-0.41484215200337704,-0.3783806002855393
35,-0.35545889116044593,-18.03115888234813,-1.7595379189920668,0.013432828366492167,-2.801142199719603,-0.46374644183594604,0.15533745027936163,-0.7693328875245209,-0.4006018457346864,-1.1185173257904701,0.41340593371817347,-24.089170894351223,-5.243086528890231,0.7787358979363346,0.0036545971805862706,-0.08064385902231119,1.7955419892149773,0.22693997210498948,-0.2236435121277063
36,-3.415106720732977,-5.13141403077174,-1.5804779159982854,0.0014732715930579014,-3.077330795088844,-15.678287891589644,-1.5634854941424998,-8.206233766837977,-0.33828381081078157,-0.6102349945364125,0.33270606057339136,-22.349944851713907,2.388881638066426,-1.0903261828879156,-0.0395729715995692,-0.21656835025117005,-3.0794666936742052,0.3004769552850094,0.03877610474677823
37,-7.779441044549986,-19.835596772984957,-3.3733093473676425,-0.0006587842621376496,-0.9747196736814496,-34.05492393464129,-2.4133289538292653,-24.342327480408983,-0.8355303428163906,-1.530043624043767,1.4192811399988245,-15.453222731680569,4.06473868710215,-2.4625815723491282,0.11579612281100828,0.1399991910891049,0.13034049975576267,1.2089117272613568,-0.21824377026008077
38,-5.176658660833678,-9.081173425909254,-1.870288085181542,-0.003550289167985772,0.14049331916721686,-5.955768569085188,-1.5539709612987742,-2.582491749819263,-0.9029150183559111,-0.3153330602487236,-0.09521639926994374,-5.563589750781125,-1.1521719231281269,-3.7239920440098606,0.05056408446524509,0.18895365625027533,2.0168135875744078,0.1924577830727364,-0.49271681411118495
39,0.5933876187935851,-8.78016250996173,-1.5214850192486227,0.037499417270125554,-4.564621968044035,4.007172892860858,-2.416410735749027,-0.6775027299102465,-0.8321691347808038,-1.802355032626567,-1.0056249589343458,-6.332953102696877,-8.329427828223317,-3.7947093621083248,0.025947074660073143,-0.49714046250590005,-0.03239023179310907,0.050053667876585745,-0.22339988937400257
40,-4.706740119089267,-10.6303302210587,-1.4193390462424853,-0.0024432737030885858,-0.3703530659939056,-7.192260672977371,-1.0632374184338889,-4.632506560361659,-0.4678072209979579,-0.128892848272611,-0.24301794883308903,-9.738662858945517,-3.4298588290585172,-3.3479059946500316,0.01782183658710905,0.023686837937554786,0.2742181342683061,0.13964979373286243,-0.27574331161814447
41,14.607022321375606,14.577029778744418,-0.9231327199255281,-0.0036831011872928807,-12.814502301866742,-29.02242586151094,2.0153196076968434,0.969106559640915,-0.022368486712488256,-1.0907322809096338,0.0069730793234792365,-31.543692088992483,14.18814765876669,-8.457844474557746,-0.015769651848188966,-0.19703103400109984,2.04127434840069,0.27622282235406104,-0.16460565324523596
42,0.3315123542833498,-15.907517677098221,-2.187367404432727,0.03552865399739179,3.121149717091134,-1.0664740543626348,-1.6305308952734003,-9.242176454225893,-1.3186981712222932,-0.00496525482121718,-1.0256151130131528,-26.218979831891648,-0.43325653484424187,-1.8934290170971355,-0.024962775928107278,-0.964506922262517,-0.5848853359291574,0.12453627971181139,-0.616768543112163
43,-1.7854074220065455,-15.603230969340789,-2.5062737967877182,0.014497045266767351,-4.9032596723625055,-5.0161337784961235,-0.8891062535605665,-2.1918254165114046,-0.7876740865099461,-1.1301365070328804,0.4504526633827175,-17.09047208063302,-2.8661312089658466,0.8031718126557361,0.07511013687815782,-0.016154660391544673,0.965892108533134,0.4403076633918799,-0.492810821957976
44,3.0786651491204298,-0.582770119327515,-3.4209301078738195,-0.004370746256810503,-2.0415518282868055,10.011391209277239,2.4516673675558294,4.656655121900647,0.2163746924036276,-0.18259788825185322,1.0020555677194676,9.164639635480196,5.103965364397444,-1.0033360833924514,-0.22235938028482322,0.6629544237196414,-13.873840907128248,-0.7110749349465981,0.2712757083453148
45,3.724366207897976,-23.592308118223546,1.6116452471913263,-0.03153778734727243,-1.2958344422147365,-12.92917440011042,-1.33751580446196,-5.758810018930191,0.6916027439645088,2.413047764026878,-4.5843698547319915,-25.768307815773266,-6.380428855620255,-3.903507626775709,-0.1347646746020989,-0.4049447922646547,-6.081111033410645,-1.0595130479965533,-0.013344096510683218
46,2.2476391903739836,-7.031563795646555,-1.9663016159515974,-0.012118055879114643,-4.0039994932152885,-28.126030748827176,0.2322509844233802,-9.37713479144781,-0.4622208549455276,-1.7109822317798675,1.3861732661246002,-7.452172911310721,1.496223183254065,-1.9397729379143156,0.11238536192745967,0.7272185274727875,0.6688527202122263,0.8598153116080632,-0.4295899839971976
47,-11.107268911278418,-9.69769166180233,-2.7659052337489487,-0.011098956949922459,-7.272513089405169,9.457934029559336,-5.134316181714535,2.1030884082947425,-1.1451232606023296,-0.5309882334560743,-8.599945487041817,14.155337968202456,2.1998112763554616,2.1963750680649836,-0.23191603962330853,-1.7297174356802618,-1.773400690200766,-1.6085200873211416,-1.0595946238845966
48,3.9330494270832004,-7.5899377617427035,-2.8009026311853162,0.009589963532528112,1.3671038920117224,-21.957226748894417,4.908104922936786,1.6369937704283544,-0.6839198610111394,-0.9549512274810898,0.42118132677655806,-13.231255045242026,-0.8038921219674746,-0.3472691248028237,0.091006330335179,0.21938604304873882,3.1818323848833145,0.6919892966014921,-0.6701553456927989
49,-2.465985715941347,-12.183945394182597,-1.0509018213193204,0.034825475328580546,1.1529950838128489,-1.3207502740577617,-1.888649942231512,-1.4960076759020202,-0.9095673574491283,-1.2086852875059821,0.78084817042011,-6.756950071827582,-6.644640854325108,0.43657757165934563,-0.05444020930991487,-0.847206586250042,-0.5200693118963422,-0.6367859472262745,-0.24920760880144255
50,7.3110611267282115,-13.009519782916236,-2.0438111513251696,0.027348645847745844,-1.4372055689029517,14.645026688551788,1.6715219941592134,5.317337835670715,-0.390103284778732,-1.0660772571080601,-2.4096615400185866,-1.3881857515376517,-4.077654167888221,-4.545733695462433,-0.020011796714231138,0.11850745678862541,-1.119776255020401,0.29664243746209085,-0.6497392402483624
51,-1.0810953691346323,-11.391178646327813,-3.1085453781787518,0.020725650033253756,-16.272822623194934,2.657970382925404,3.3709413646079587,0.8389207566023913,-0.8579963905896602,-0.5604649177297845,-0.39805901252499887,0.9825622680195938,-12.822476555519934,0.6919044535401562,-0.024246653931404016,-0.8168084436751207,-1.2882690262533756,-0.613791157834825,-0.5941948716994329
52,-1.6409495018981706,-25.832800306698797,-1.698389946011111,0.014240103546073784,-7.958117802811754,2.314443877865548,1.817548959925913,-12.647037191975297,-0.5986617060386262,-2.6311952823140263,1.7680824598620333,-28.39492261035247,-2.4089942567196037,0.058158685690185896,0.056490712446262054,0.050026798345324766,1.0073486817195179,0.44742046039672656,-0.26722796109991986
53,-4.50548900508173,-12.272817813893283,-2.862076868886736,0.004714669277213517,-5.369536890921122,-18.308130174015304,-1.1352354032255743,-7.5703415295937955,-0.9452390477573396,-1.624460836598492,1.0020761610269098,-3.748962093376635,1.3001245452995,-3.1913840480832016,0.13338984383161023,0.33970422154987284,1.458798360516426,1.077136851711279,-0.4240059686054438
54,-0.626872339168532,-10.113021940698172,1.2903836869605922,-0.0423057406286977,-2.3547130708372586,-23.27464835214005,-2.524617158690462,-3.411998784058315,0.935272378497718,0.681599508533242,-1.9459539384460758,-9.590373609129752,-9.070390314698729,-0.8250094594952935,-0.1604230457687118,0.11400496187661223,-1.4868897004348622,-0.3563923122124849,0.027909917974070803
55,-3.7444240944521776,-20.230309933097594,-3.5239521067001673,0.01894022940252372,-3.1263212228990924,-9.00818291618293,-2.511959073196445,-24.141858197842176,-0.9316530163674864,-1.526879154252977,-1.0063861806048213,-12.709508948241307,-1.680093866176204,-6.6453992814220895,0.1091397161784629,-0.4376228036770068,0.5133605406639998,0.905054202646183,-0.30364024200436074
56,-4.3163147092606255,-13.259904027323575,-2.1200006166221814,0.017756329135625228,-9.878017010727927,-1.994324535233118,-2.9133065789457095,-0.12832815072603143,-0.7878715342495858,-0.8788096719686873,-1.2962682480255858,5.2918149685295965,-5.177623245049201,-1.9833388236056326,-0.05298191041559187,-0.6243523184807878,0.009060476548692575,-0.2421893299651074,-0.4479700023808668
57,-4.938994445350312,-17.77540591692844,-2.6837947188056663,0.016981751284332998,0.9741604431131199,-4.14293690890423,-2.1435439094811732,-0.9108247490100574,-1.0519203454732446,-1.1669408334859979,0.29109311288518636,-22.493881998847655,-4.215107113414469,-3.21907467361515,0.11783842426618894,0.36952832747282904,2.159276854223993,0.7138975295696255,-0.6345940556520508
58,-0.6100943138781947,-7.112899280589671,1.5308394547031026,-0.04025030643257203,1.1418461127985262,-18.402513186284743,-1.330885859838196,-4.476570072183263,0.7634935079596842,0.7593686511485844,-2.0064157618267453,-20.60865815037304,-12.51229510140266,1.027232167169964,-0.10274691744020217,0.40527663711511264,-2.5572513101102006,-0.32699613549626916,-0.003826985587125409
59,-7.927841974732194,-11.726614601274333,-0.5009097295595168,-0.004775074843643824,-10.465452593277632,-7.932263813997935,-6.891431291238694,0.9606723668740571,-0.11714394278161647,-0.2463872351925711,0.03876356143945159,-24.774733103144364,-2.5234449210646934,3.086583936573188,-0.07190770231173073,-0.008764858808582021,-0.6734829174838535,-0.36536577274188686,-0.06468786659915612
60,-6.079978523903247,-9.842992347425042,-0.5849723630853434,-0.0160374222627259,-0.7771863629450082,-13.060668265169792,-1.4499185827184515,-3.842205541636904,-0.3234161047679431,-0.49709059202741557,-0.3876340755580912,-21.474321355808435,-5.919858392568321,-1.4524563019963386,0.028984435672396003,0.3773958708116882,-0.27576062896018605,0.31217080908778205,-0.19466286549382583
61,-0.48579154079129117,-5.71133126866615,-2.427002521361303,0.00016142592749906516,-10.413011510692971,5.908274985996586,-0.4813852259681197,5.097232164859257,0.03378824495931321,-0.22264142144041724,-1.891120525798694,0.25561452466169854,-6.499849325779273,-0.26047782168146005,-0.10645826337499095,-0.5454848194717851,-2.584897352180228,-1.0408432863473822,-0.6683436306315773
62,-8.58151037054317,-10.162252248058682,1.9259110521201324,-0.037424637055196705,-8.25376506712476,-19.669068168226254,-2.4170982400764003,-2.0605315132441864,1.3698955362664758,0.4606452378582845,-1.0826300221710008,-12.391996624183497,-15.484104312394221,-0.3272206165532795,-0.17430341676916078,0.06751232356672983,-4.030715274266771,-0.7870390019907354,0.18713099799648691
63,-2.134976613613453,-18.51749255280061,-3.101531948852357,0.02762475558326438,0.8852205423719051,-12.88421678203147,-2.0064313616651304,-12.46322788202368,-1.2331011368684357,-0.3396053745065342,-0.207056853399343,-11.928802884453358,-3.4366119323317257,-0.18812670906044526,0.03847642992718467,-0.5222698721215583,-0.37273417541210585,0.19296474110650283,-0.5826619092861498
64,4.0302579825175515,3.9894416843842464,-2.143019556282619,-0.009500998782651345,-1.6728261094688173,7.838924547946554,3.8276056968853767,9.672781905272904,0.4646495977259095,0.08786958208836082,-0.3496722397592642,10.441503886507359,0.43167874451073285,-0.9836120494306619,-0.24992783264516416,0.5346360927317075,-12.927413072269623,-0.9537509521733111,0.32088992381179926
65,1.262689099739819,-16.132650226159317,-3.0126015676319837,0.023251616220170534,-0.5862581904608581,-8.167399768683678,-0.7645782403212888,-5.05449091813422,-1.2546676415209392,-1.1913633141000135,-0.1845590390748354,-9.641012447151358,0.9159955081239683,-3.5900608846949043,0.09258293636215932,-0.1580637022688957,0.8490813794776904,0.6115842112162009,-0.5565722887973712
66,-2.163294873647698,-13.571461527649038,-1.9426203490659715,0.04658892453873183,-2.5984732605293988,0.6307177245728397,1.4218671172952484,-0.3886173233032846,-1.3855202274961282,-1.5304055335922444,0.4548972952534862,-2.8966186827412503,-2.4309871466746893,-4.773385727432439,0.009931617342744385,-1.0559876567558797,0.7359102079234754,-0.4792250765807844,-0.24984321123385697
67,-0.12175107162719989,-9.866210816718752,-3.1892403269727243,-0.004391029267186184,-1.07490608860066,-17.577870183219247,0.04646733566512884,-7.522957843706464,-0.7592878582857286,-0.7661639198634076,0.25881488414354403,-16.110069529439027,1.7794497013163078,-3.956493955390293,0.03791628748322687,-0.009846451061340855,-1.1401126685525973,1.0011590941697885,-0.229249529950614
68,-3.9077256270429337,-17.41091369249469,-2.8747634786098,0.007253037703675485,0.6143861956997076,-16.835082458151174,-1.2282089950263593,-15.282828294173898,-0.733268264162233,-1.4804212350419723,0.3293192639393556,-22.71810993395786,2.496742849634554,-2.6972558488207174,0.0574756211698846,-0.10530803976441218,0.8149442181147222,0.8998964093784134,-0.2584318821819621
69,1.1893773845516868,-18.260946263077123,1.4416571996850918,-0.033795572374713215,0.04207995440607082,-25.122526887714397,3.1145003987184245,-6.302195809820051,0.33233269117310393,0.18069606963914725,-2.8850224256322843,-12.306501295558375,-4.708303739816648,-4.707876615096832,-0.13328741233918193,-0.26995093966296096,-2.7394214168884474,-0.8488665701348654,0.015297336774165005
70,-2.9559038890258433,-14.446755870209122,-1.740210070957782,0.03305966203923992,-0.2349380812165589,2.688547448029496,-1.9344787411848192,-4.2160235662813905,-0.7811757628828222,-1.1386187805413233,-2.355437938763932,-10.987347101063136,-1.0175751903212271,-1.593602872633982,-0.0029585279364331453,-0.9184352806168327,-1.5290230495826043,-0.07805956647975548,-0.3543664128655488
71,-4.180906020057542,-4.5044026783205435,-2.0765868408083903,-0.007806266146158767,-3.4099837543172486,-24.484868167094607,-2.9152060532637383,-18.34233580755472,-0.07219408806498429,-2.0020259942445895,0.4472652143352327,-12.933553262460908,1.928825084684668,-11.507097651842292,0.09470943779360523,0.6674587815334042,1.2338784414828001,0.8558359566334066,-0.5287723735384466
72,-5.976977271850426,-9.298042311301154,0.7993245083959305,-0.022778871767108556,-6.5932069947125065,-8.975117981764756,-2.9042787532502317,-3.9393801785663625,0.5558845826553738,0.534350932655718,-0.4881906154321278,-19.204449202860054,-6.2959525726848735,0.4890420082713487,-0.15465371152648005,0.04528796236065452,-2.1250333754441537,-0.910318024808899,0.2547067665262502
73,0.7557241245128061,-2.2651810917606454,-1.1631444514021283,-0.024386151789552973,-1.5804211967661583,-12.816027496048857,-0.34923441813386846,1.1299484124111947,0.2273388554377389,-1.334965611211222,0.5949864502731053,-8.481941291129566,1.7945575149001805,-5.317143740354136,-0.05298037016212266,0.8402826553814312,-3.2502028531573623,0.0023392744295155643,-0.12748231880665256
74,-3.8108977375121,-8.335510850527097,-1.1262551323427372,-0.0002123887229618618,5.307476137345504,-17.190036693134715,-0.24658558345892834,2.9387453992194423,-0.21261193575208487,-0.057564013779948076,0.6435048952154607,-27.21991027183956,-2.501463001856928,-2.850622313182499,-0.022231300142112588,0.1478428209219812,1.0933760091043763,-0.08243923447757823,-0.14020281392023745
75,0.4324337092165109,-23.39337157562008,-1.4160286242726439,-0.03533617635615628,-8.422380031551459,-49.23274114535722,-3.27642652231143,-29.701487620118712,-1.1620056525632108,-1.3474862840598514,-1.984900810696706,-15.859239040592161,-4.576720079725899,-10.887615405241558,0.083528019038938,0.526724658815629,1.261700226981522,1.2619817978219097,-0.357250383304178
76,-3.664740276457151,-19.259822959898482,-2.443357988969173,0.028273996809025318,-5.4868897195774,2.9610813552589867,-1.993673601821231,2.7622795825120603,-0.7974796190298111,-1.112056276331974,-0.24357498268743594,-11.301290311073615,-5.823070938710291,-0.029604407802244825,0.003799663604103068,-0.5368333043744163,1.0765769197130577,-0.09823542405993171,-0.41202738791449567
77,5.390429846931027,-14.852900154163143,-3.1905000929600225,-0.03548409204027239,-1.382653188729453,-28.444469126914843,-1.048107637234939,-3.1394832142825635,-1.6674653391840817,-1.1942655571123892,-0.1502333107115711,-23.259231436638295,2.189049667669188,-10.222511616680928,0.06534500263313199,0.42415647504616705,1.5453865979793282,1.1803984412545603,-0.36284783714466784
78,-8.594973199388889,-16.25428460091032,-1.9153895610494365,-0.007177360197699235,-16.32890480671219,10.065919304328983,2.1842986194303635,-0.2839646009137571,-0.9646651341067668,-0.18292316118080465,-3.4432945465290166,8.410320879655242,-19.216674940830245,-0.27179381711760064,-0.21668448653889516,-1.6879025447812426,-3.422131695354765,-1.4341997810297147,-0.8367445716318961
79,-3.548743335821238,-23.127322101224514,-3.4268556538875132,6.981719871461444e-05,-8.300350467777502,-26.290887241477655,-4.863461277152892,-21.575271404628566,-0.6944816679986013,-2.109062627695645,0.14079754705665803,-8.388759981255138,-0.0996088642668207,-7.1511895889019685,0.19257532059139176,0.4446142216290228,1.5517049561549647,1.2679801225414917,-0.3187160001892877
80,1.1068342552247659,-8.875727594288303,2.0101343617764975,-0.05852234103656073,-3.289027594888262,-36.439791531731615,-10.869949231859074,-2.954284768160514,1.3260852781771129,0.36189358590946086,-2.07088462140256,-17.090627996648593,-8.96396923825688,1.0325191432688208,-0.18431070069913286,0.18313729203223877,-3.2837170797327166,-0.5868216723382393,0.30101682721826695
81,-3.2599708055931536,-17.496152775037753,-2.643494573636085,-0.006461811305381026,-0.8425355117456061,-29.557251002305346,-0.6308622162124937,-15.79814020557768,-1.2831977004433086,-0.9515236551550574,0.3775371606995577,-16.54102445893633,0.7611471828590322,-2.4871066753472326,0.06313335803557045,0.03932459903714845,-0.37433297382881914,0.8783745692020548,-0.1904736517499001
82,-7.371518536050474,-3.7046885140480423,1.9805458738265282,0.026533140146667474,3.2220576999611446,-0.6779707162803135,-0.4726720025352855,-2.0739325635446892,0.1305665669647444,-1.3778396679190814,-2.785792200647027,-8.578540878590335,-5.046120224567986,5.826755762428098,-0.06078568625428,-0.6569481478980169,-5.31974448725025,-1.0035862129033375,0.279823954852344
83,-3.7193483700231256,-11.837474345096304,-1.0133507484269073,0.01184746141075865,2.7406072501219567,-6.754784962487929,-7.153859233784855,3.208100690578748,0.07001184343452732,-1.074440526338449,-1.8298452366388613,-0.03985725081707869,-7.1500309205554915,-1.5639162508947828,-0.038858969041930536,-0.3553403073611266,-1.298932150416105,-0.1638024612644479,-0.32531021907683944
84,-1.6543879981325782,-13.388811027613365,-3.055550457113142,0.031635290152653484,-0.5558508207180326,-11.119959588075819,-0.3583422185384757,-1.1307091259169777,-1.2741354153088982,-1.258497402014825,-0.6500929071847228,-5.0769272522607665,-0.9766462330232164,0.1619239934328769,0.06664670767587319,-0.5159895523260648,1.4654300837519323,0.15706323944733394,-0.7642108113365101
85,-2.8515901163804056,-7.902407828113498,0.7948719642613106,-0.020879628676565634,-1.6804104278175291,-25.415120924373774,-1.163741517081629,-11.048911346132279,0.8280387755627713,0.721437532572025,0.5254927413661268,-33.980667023500224,-7.5412604851575145,-0.8456079979461866,-0.09559669198354631,0.3526020676861466,-2.63897516114484,-0.41619538662249045,0.0905085091934148
86,-0.3137030206656206,-14.375701452555496,-2.01735860346077,0.024493842189117078,-3.1447073844506117,0.15761342975703485,-1.4733804432519324,-5.887581437771621,-0.7485549746279261,-0.7700052613063775,0.6267644416150595,-9.911668685106012,-1.6169701832952503,-1.6263590936590506,0.0205325306970773,-0.1360933315054113,0.733499311380996,0.10051872963471159,-0.15818327715129588
87,-6.954045105834951,-17.156044632045703,-2.832631838077267,0.008764900134297366,-1.7022777091622692,-21.99074612900764,-1.4335681808808776,-13.15067898781706,-0.9759542175392142,-1.7258890198193364,1.2665334425250208,-12.800857658040679,-1.6752057507164295,-4.2078725510030175,0.15058290707611605,0.40065723573537537,2.0034681687491753,0.9118994433219694,-0.5633410021966452
88,-6.470622392357084,2.024678046971136,3.4456195245836065,-0.05966429145173509,-11.966524565219228,-42.00801526422169,-1.2044302327695835,-8.681565011587034,1.8585705365721608,0.6557267146311456,-1.965570104852796,-20.00841019886534,-10.164830493774307,-1.177476257714527,-0.24077081719890003,0.41047873689377884,-7.637236748928834,-1.0231973120645579,0.3883049947455566
89,-4.9519343488510135,-15.741278873302017,-1.1373895416414208,0.018178600366881643,-4.748722146236037,6.651425818461281,-7.165500046136588,5.640559319989768,-0.5573207018615763,-0.7894238948136373,2.1664280411205423,-19.83566437097536,-13.164983032603004,3.7741696778299776,-0.03903101412050236,-0.2518779376696168,-0.18919232183887047,-0.16213734520372833,-0.23402395589079855
90,-4.134158457194949,-19.12247978574066,-2.899880588281457,0.013938681422154275,-2.1383008730914597,-10.520739252618618,-1.8138139888430325,-9.991951359854893,-0.8913009817792362,-1.0442701420544225,-0.010140477110960888,-15.209018818285363,-0.9688155924132973,-0.2198358331184127,0.09789522307355038,0.10868130338478894,1.5956706182246008,0.5583645687137232,-0.6159590954784714
91,-1.4961486146938583,-19.01392467146645,-3.476998235199043,0.007256922798973903,3.24840385796156,-16.928066163357958,0.3710010144283382,-33.878038339664414,-0.6083897381039856,-1.9027688189495442,-1.7720487884646545,-18.998386293526124,-3.9858059988033214,-13.548979548752591,0.13380869414389723,-0.05642405150712322,0.9808175082998807,1.3626743204459688,-0.5366616166207313
92,-8.176163653525546,-23.21851037073592,-3.6029090460682025,0.01877521355452449,-1.4571573284584953,-8.291740739213232,-7.184452108134783,-19.109338648137115,-0.8941771679553217,-1.2887826856019067,0.16684240625854319,-21.31091228551912,0.7144168224084115,-5.788147054688766,0.11853586023666211,0.13849994963717516,1.6107147788717635,0.8323872183678507,-0.38335917174790146
93,-3.410744095292144,-12.201493028203005,-1.1334679502517453,0.01350782879610167,-0.9735284797864825,-0.9322117495385829,-1.6367769796412222,-5.53192170429208,-0.3942790437408821,-0.27140292842417624,0.23839323236328858,-14.166056446569067,-6.701454332387415,1.8976110431846005,0.0031763104707893466,-0.07842741256936059,-0.6525746968371147,-0.02258092108165581,-0.22658556839009436
94,-1.9750669024203666,-7.485726336596361,1.2893957973755446,-0.03055817886053992,-10.368032189067556,-0.44569216902499775,3.1670996320934646,-4.657040932464143,0.17359749573127692,0.7530027391662364,-0.9074360930828934,-18.807983203984254,-13.884684908380272,0.3471713807906667,-0.12364999205271612,-0.5398918141153858,-2.577472921515075,-0.6340191565528435,0.07592672908688386
95,-2.579596186240808,-15.525103529624113,-2.6707737596297814,0.009350971987497224,-3.5394179446020657,-22.863497517086223,-1.1815140228315721,-11.754450294345943,-0.9697301389698418,-1.3029589238099373,1.039802831234632,-21.960825343591843,2.304340724553448,2.4318021278996937,0.1017924316414698,0.045757776193061456,0.7734942677249719,0.9015722470597591,-0.3616609201703516
96,0.7045764673593071,-13.09770815446904,-0.3196771323147036,-0.011088468518076808,-3.172034439647562,-22.30143286169388,1.2466691128871052,-7.293240703011694,0.050446706528261054,-1.0608307231412668,-1.8586157735522135,-10.32251460880734,0.10740866816710337,-4.197909746115417,-0.14640928792432256,-0.22439894981135905,-0.39433566879198567,-0.04229625503526557,-0.17891986573040075
97,2.1395352194119335,-7.828464664514373,-0.135863068729281,-0.05336818866925225,-0.8408034715185662,-54.57167150839145,1.3830559957950892,-5.421360844599688,0.3949139652242789,-1.3158071350145994,-1.5181532275557617,-6.2149754814755,2.0572604469652376,0.11433276154187566,-0.1515782953260088,-0.0678523313092011,-2.369146131446592,0.3976604033816027,0.1822863542143109
98,-1.6188503541249346,-13.365706533514578,1.2177057760042147,-0.025911123460265976,-5.594238896309175,-2.2667229544974363,-0.7383327496156769,-6.544334383272013,0.267688772183475,0.46870246184531394,-2.092653734476265,-19.277174444280867,-15.892925649925134,0.7562789573867035,-0.09890553019231042,-0.5419699455202704,-2.1591374563801873,-0.5290380378478395,0.013178182737430794
99,2.712641630830764,-14.664764617795653,-2.2841823919862154,0.023437424839521093,-2.913040223562904,-4.237204991965534,0.7960287302323272,-3.739455166420777,-0.7014442226794004,0.04152069309282291,-0.8768417794886771,-12.884378497255296,-1.545124023948219,-2.1528496348893222,-0.0703215778438927,-0.24624033460672157,-0.29009511749463157,0.09124327447888023,-0.7196538963487358
100,-5.725798529897689,-14.063885367368345,-2.2939552864705184,0.007435316577778491,-6.812296847882052,-24.897946516285813,-1.6916729860421489,-10.634562079035396,-0.7523816123863716,-2.2891723935157176,0.5680505615205811,-18.554485402477695,0.35762942641410156,-3.014564592430231,0.15318077765349986,0.2500084839964386,1.9823457187603386,1.1545931520813246,-0.49015071182775927
101,-0.08833794568613929,-11.592562960818432,1.1294033019589045,-0.03176348534811543,1.6813136537019613,-12.162935633221823,1.2540150257387608,-4.785966247933056,0.5291624589916631,1.088294610593392,-1.9988500323628053,-23.16368559490089,-11.516898234655795,1.2583783600841485,-0.04901962510651765,0.5194394064211576,-2.2887525368744086,-0.2921938597508833,-0.047488801671751096
102,-3.535327646062684,-14.613102599634011,-1.9704231553858294,0.003774075635674894,-3.51174191439842,-26.86353307902223,-0.9593766923588751,-8.688532005412503,-0.7235180319699509,-1.89958135761533,0.5238378774458599,-18.25884760546797,-2.08172216711447,0.8151286140842531,0.12039945855036945,0.18574468564546975,1.8055029820572532,0.8048408787294427,-0.453091688031415
103,-1.7633203692746164,-6.998252174943249,-1.242178102804332,-0.016646440844921756,-3.2210988201367865,-14.64995655627358,-1.8594846615104021,-4.231812710457163,-0.4010631843534977,0.42397223083081514,-4.360711979886552,-22.726328047910833,-19.41329328461707,1.0084799174657888,-0.16221616663126764,-0.5767770602064068,-3.1711763273168003,-0.9069744891995155,-0.47424338870162874
104,4.167140392814734,0.46579790690857514,-1.7105141587730612,-0.018617454169030677,-3.3749153130084872,-8.305895997836469,-6.649041424113435,6.692718758644718,-0.2563815189951367,0.7524726830386803,0.8097248570094575,-15.584866656477981,2.1694083338979144,0.27606469953077584,-0.035876017402863086,0.1988072072618841,-2.125669798716486,-0.1490939008749972,-0.30429319669693794
105,0.8960294690606032,1.0697613564316928,1.8765731951770661,-0.05497789971685754,-3.300982861353163,-29.28685302473725,-6.770714079831453,-1.3414731856360755,1.457966602278196,-0.9516060683253255,-0.2903930469310442,-20.533738262002576,-5.1231580487004535,-3.368740787396809,-0.18243472345603712,0.5816234750133653,-5.831584294297048,-0.8788424077539495,0.2805302284402309
106,-2.3316904069417372,-18.635510259440736,-1.6887951265829508,0.02041291891002878,-3.184672556391633,-7.300736867220175,-5.135892787940952,-1.5453146149796484,-0.5273946646701163,-1.0207802399525905,0.8146579161009855,-8.857027561854196,-8.599796389263494,-2.989066360120254,-0.0036868006341962585,-0.40786087388701997,0.745644659286758,-0.22670814298224556,-0.08079838059179689
107,-1.408431116759889,-5.128517896942231,-0.02935441300055519,0.01997464846565761,-9.898356591954565,2.970337644982859,0.37491435856471833,-5.035261127210479,0.07106471320652735,-0.8144232142844302,-3.5945043162352537,-7.7726350726180895,-4.729810527594136,-1.0385374615854306,-0.09188731058145844,-0.42447429123987207,-4.20649427189382,-0.48268321156689065,0.11653134947198907
108,-10.206909184890497,-23.38938711066401,-3.9874526033225046,0.019525319706162364,-0.21985375557761433,-31.161367602809076,-3.425186180610983,-15.47351388990132,-1.3977854071853217,-1.8586923860379734,0.520636390825125,-14.853472263074764,-0.06705247944565862,-6.654122129709313,0.18755857134581083,0.2579256275614487,2.1019690683798,0.9421018440048281,-0.6544251228832378
109,-9.080237483954445,-15.835959277685268,-2.097661560857105,0.008587015296716188,-10.466131038589836,-0.2784503241527929,-3.845255244923456,-5.862850602785582,-0.2950076856830648,-0.5121729674517495,0.32598340968917294,-11.083528974026517,-1.5040331017810669,-0.2541939997106619,-0.00874221144720154,-0.05026356560234586,-0.10136858225256118,0.30723600062602985,-0.4059498983065468
110,1.6255955600169676,-5.268847295809529,-0.13948704183745064,-0.02829792224527412,-2.573263527727042,-29.381988770131944,1.9521842102730687,-6.402152268640388,-0.20215230082268823,0.8082398323403701,-4.6085817980831845,-13.36662457747733,-16.8492986080216,-0.02711784750585089,-0.1715982435104989,-0.7644324183970136,-3.9543845457424887,-1.0612386833217726,-0.23670348226973975
111,1.3092545707037369,-18.93249065134691,-2.4283140031764856,0.031739698004099814,0.9415646971639848,-2.8528507904529263,0.22562758636807567,-13.462601583385185,-1.0988340112950346,0.8880351250166771,-1.482822341291022,-11.719728781297311,-5.2196227233793175,-1.4820248231323008,-0.09100959179860768,-1.1967531170569579,-4.502001942489072,-0.8487671766945091,-0.5521312599741609
112,-11.470556311462001,-5.816910021799881,3.565776739067088,-0.06006860863877049,-21.17559261253591,-37.04102737297013,-3.590041299642973,-20.195107902436483,1.4160676957465226,1.021018513422372,-0.4831149907203791,-34.93249004448255,-10.517504305078372,-5.475807704309002,-0.19367045335722144,0.29403547936913405,-5.373782236196828,-1.3689804495122693,0.9679139256528855
113,-9.555648081182174,-6.168888642777214,0.5940806403677911,-0.022273421966109135,-5.442408084800769,3.192399437057592,-2.5372607347376985,-6.353246077867719,0.040211082232468165,0.7040771930447967,-1.4722311652860962,-15.42013316488032,-10.980209188468379,-0.6628260441294133,-0.12403425420233143,-0.34340692048650395,-4.438179427597197,-0.6299161108064737,-0.062497490107348785
114,-5.1215922403408705,-14.92569298418782,-2.5934169127396944,0.012605556722150659,-1.0129113672399366,-8.954405349906635,-0.7287462208974653,-9.124901815402701,-0.6061192413492309,-0.8485852636255229,-0.13670903661861789,-22.473243512529645,-3.0534989843798614,-5.7216250062056275,0.09593941561894782,0.2695491676386189,1.1404545116934048,0.7623917493158054,-0.6022359530787398
115,-2.474932930516072,-4.388927857656881,-1.549237030702892,0.015277944730063484,-3.717125518053745,-14.645292707154669,-0.1626615345309026,-5.12003424904427,-0.4692462057118312,-0.5819973307955468,-1.5623032215652897,-10.12677413122588,-5.050771186750258,-3.124951860490836,-0.03255103326486718,-0.5261545597133126,-1.2119004709495527,-0.06041096154157122,-0.49215405261536765
116,-8.119570849244381,-6.605412662501137,0.11056562145606408,0.018916014297949084,-1.8404854674424076,6.307336569477247,-5.3914270550443195,0.7958067524183985,-0.07209134090726727,-0.2893431679877336,1.443050351745993,-20.133488628431806,-2.4410130601659645,3.262975041147337,-0.06913475666409558,-0.3202408861057218,-2.1290394240297883,-0.26986645265474396,-0.22085664562730514
117,-14.466098128967968,-6.827661174119933,-3.668896710904955,0.006246357950921471,-6.124129518905786,-67.54171768765488,7.902409315894015,-14.43263043236699,-1.0136527506800779,-2.744624298476765,1.7322683409680286,-32.945632251252114,5.825429887879967,-5.409887579304163,0.21249069753756156,0.636554669047679,1.747326049748332,1.2102861500409772,-0.9003734416479419
118,-7.616150081163717,-20.459600482521296,-2.56028549020024,-0.0009556925765169576,-3.4498057778241,-31.273385469221786,-2.377814462514654,-21.750673411836495,-0.7994110882518772,-1.5130735653923124,0.25818508073194324,-16.782544126885067,-1.0801036894173794,0.5132713756076683,0.0936625388321591,0.013381504668857083,0.35773488654297636,0.7151451359134924,-0.2989522587375717
119,-1.9180551222934545,-15.206529637139322,-3.2712967146063883,0.026878546362064087,-2.6520818060438014,-9.803220680898832,-1.115044933601169,-4.423318127779128,-1.1301163966007208,-1.4114209934278745,-0.21130724361749254,-4.5440905530193,1.849801685786307,-0.12219657092250258,0.10416855375966398,-0.17688197748032986,2.5207574902549865,0.48050314851821774,-0.6986087369591314
120,-4.764707513993985,-8.41241923963519,-2.4872252737272142,-0.015659806685898402,-2.1566898956418985,-14.548594454924297,-2.547142317314481,-6.5448820031471815,-0.6236015440118765,-1.7193620517140258,1.2464131145559463,-13.142971597174535,2.854727422703718,-9.396521726356756,0.08293059869123494,0.6939212523083795,0.975986049748242,0.7987100120822745,-0.39820228962814075
121,-3.8540599999350116,-20.057462262881934,-2.4112182876138273,0.00567689817275864,-3.395055725220361,-20.019884138682826,-4.334101780996654,-13.623548860108714,-0.8776549241596225,-1.1633359625385322,0.20672204421818385,-12.01071496279446,-1.31881530162822,-1.2454156194455137,0.09141486690684353,0.03795247278332638,0.7645674134216116,0.625392932322809,-0.4199968892275986
122,-3.4468289057129984,-4.640638771257436,-1.2552753288841658,0.008333440593507399,-6.411976867154322,-6.441394396714383,-5.140186729711256,0.6348069159110148,0.08660905026716509,-0.6392209608661409,-4.4224566846165745,6.672236219953142,-10.003445516320616,-1.0462867850589284,-0.15967061989872094,-0.2527296382731975,-2.6260268921379524,-0.7479696953785848,-0.8260782397682411
123,-0.8666842164802886,-13.203340044449664,-0.34105389075867554,-0.003780234385249189,0.7957980331144889,-13.028624479332219,0.7173854629465701,-1.5247258614932457,-0.11853497492092183,0.44933753990238234,-1.6589331828421505,-18.682744051919776,-6.26173634519101,-0.4609847730915607,-0.020325188497399855,-0.09287221224009858,-1.7818727279280333,-0.30431422366759076,-0.1289563105165656
124,-8.04205721528212,-25.462887737680887,-4.414250230165288,0.007318610133230326,-1.670256025846885,-28.92889003391088,-3.3521378161197353,-31.180776921421348,-0.7405652808671728,-1.8968016399249923,-0.05816788922921168,-15.060525652013457,1.9822374859756682,-10.795302727286982,0.1776416164946184,0.18799968225627012,0.8618626534274989,1.4899559033111274,-0.48439762799521163
125,-13.56096246227116,-11.095019630537326,-3.292575397045619,-0.0037169004130742467,-8.749460333206438,-53.03089463412079,2.3608546406286828,-15.225229343968062,-0.9880328233845782,-2.4466249020477253,1.8436375948727453,-22.218499273133077,7.037124538085957,-6.252066933833442,0.17571659734958078,0.7172254843938526,1.1131085751503103,1.1298541942438636,-0.6837811078756748
126,-0.30295527513559506,-15.962973905886836,-1.5139417028179774,0.006296607508901642,-9.291943250240816,3.1061023659977263,-2.4202053591115096,-2.846323089570638,-0.4066252131468589,-0.5554530169441402,-2.5211697647107236,0.9053314834395358,-1.22104143672758,-1.5960051351302003,-0.09226661638451779,-0.37918124008537374,-1.5909831168170259,-0.3668422008570793,-0.43121426807902447
127,-5.127385786479457,-22.11671030362514,-2.4273080174722264,0.023467736905076798,-6.93999321212751,0.8200021524133838,0.7867974597281231,3.1507212791248786,-0.7546360535189676,-0.8721928614104596,0.40335982478819954,-4.60273042495802,-10.357448693365598,1.3249426784852665,-0.055422460293690176,-0.8456233919931323,-1.6482717948705616,-0.8985155517601202,-0.4784892222305925
128,-3.3985541006948488,-14.456808042352348,-0.703651064381239,0.00819146118127542,-0.18850705733714834,3.9819438736211445,3.7586902060492924,-5.8620368166697645,-0.27119604385927865,-1.1098591130528375,-3.0343123570780772,-6.197847533150593,-10.048449535717236,-3.6106246101526764,0.011782510688001228,-0.590967874466874,-1.341160135055421,-0.007290767688421379,-0.11636316245533859
129,-2.221629795558515,10.302979847980353,1.9708719214665873,-0.02689711511562477,-1.181861627696122,-30.377380038166088,-0.9986959347439359,-5.806366633654408,1.4846003839036004,0.526246798825468,-1.6309316798521336,-3.127781679953012,-8.329813795957609,3.455540563843779,-0.2749539464100625,-0.07723185314444214,-8.365907168035783,-1.708609904447222,0.8179249186555533
130,-4.550534337862295,-20.975569153765026,-2.6422855598821275,0.02197996311784265,-2.363334236530984,-6.19223979719639,-8.118892930766322,-5.039895770151546,-0.8187801061448127,-1.0813973424896592,1.9468502779573507,-11.445444324773858,-5.096121385955939,-1.8187215888227959,0.04897701523988855,-0.053018107658148836,2.359017188071835,0.1934899222547212,-0.48218508629688467
131,2.573284121390377,-19.661517404883227,-2.30284643630807,0.020089713335134343,-7.790331639797275,-6.799526778807451,-1.9425951966310102,-23.464036146501407,-0.9290255288319791,-1.443925324015846,0.6998396809389822,-16.712135179601965,-0.023513744697393868,-5.188457339209813,0.09045619549136145,0.15599666855265842,0.27844629121603837,0.4320949527652532,-0.03264361060893853
132,0.776215572726116,-7.584319937297956,0.5250355767937173,0.01183415058295363,-3.680169047803145,-14.14562017140116,-2.310418839772124,-9.511133277882198,0.39709651694986503,-0.1116038187819732,-2.226478625606043,-6.7407039581330155,-15.653079784907304,-0.5562798699981689,-0.1670911787153056,0.1474963240840076,-3.5748270808410956,-0.8507801499411655,-0.18449372350530804
133,8.003527395066893,-16.329185796339303,-3.311533748624497,-0.0012085600396260225,-4.752659166310854,-6.335878401527741,-0.7223839564333674,10.79172496847846,-1.0771640697957756,-0.7531815315823628,1.4018376041072076,-2.585023796865885,4.285832320043701,3.7139204136093245,0.13584674199286328,0.5275093059609167,-0.09756285219601901,1.0356677651168102,-0.17175271689107532
134,0.7216003253352832,-6.8191880022554185,-2.330617459229962,-0.008439589174064423,-0.36376939029078104,-34.024720135171535,1.3194724711152248,-3.1111109749570076,-0.7392644462710601,-1.1077700099396104,0.6016782753071797,1.4997246973943952,4.431675509830784,1.6441273803150545,0.07154562896194147,0.5701864618686677,-0.5268758948682555,1.1083900674006109,-0.2779237389952735
135,0.006226820258819821,-14.598401919819588,-1.6832202840933825,0.039126530483593575,-2.61802789840306,1.8647226034269089,2.246887039828476,-7.406629558874712,-1.2113627565136604,-0.3306491432740116,-1.311065579126482,-8.079203333433288,0.3630176924541555,-5.928829130243632,-0.07610365744181902,-1.1492283816292537,0.89190598986291,-0.36879372550868905,-0.5350205939226169
136,-0.8921686485075941,-10.486750872047754,-2.568361565903343,0.015276211562864905,-4.883473472194722,-16.858040643416167,-2.8430950823605614,-6.745055403881814,-0.8913759289460156,-1.3093571115696794,0.6119752709591375,-20.094838274183857,3.617963473586247,-5.7639048583808306,0.06122311953089446,-0.07462183352076511,1.379052368011666,0.7692091419473981,-0.48168690199727887
137,-7.449610495052371,-18.480651790460836,-1.7173872642382881,0.01596806172566205,-5.909434799474337,-5.072173779537186,-4.128191233762822,1.5162964110276134,-0.6679933976218129,-1.4473452470934913,0.6103157023782482,-17.085331759835302,-20.360991470156037,-1.357788429874271,-0.04546186789892004,-0.16695368797160698,0.21165583248127495,-0.24703256735472856,-0.3489525360415234
138,-6.065633253949594,-11.97300019425703,-2.3816176821953134,-0.0011722840326664184,-1.5003454627086426,-32.021219979490525,0.6822126256836909,-6.271283510377364,-0.95419587721844,-1.5390382663305977,0.7121168483957532,-6.924247044798426,-4.447907371447095,-1.9490167449793616,0.1399228314736155,0.4650358874496419,0.8527399071043928,1.0512567120593093,-0.35866524225303575
139,-25.96712740004224,-15.619017664927275,-3.6220000552639995,-0.02276933147087471,2.4060254962056673,7.853490537980544,-6.603554683998716,-4.084537005805367,-1.581893863018526,-2.1474852022204978,1.207569831611711,4.275061850346326,-0.24781692025254287,-3.079510467122909,0.04772198184704271,0.2320301445976108,1.3878082855451697,0.5455376541274641,-0.06548210114289374
140,-1.4119701764025245,-10.395677719307226,-2.7981457563199195,0.04060669575108594,-5.070929695839527,0.9288383053358462,1.690779186034717,1.639809683824609,-1.3822489387802306,-1.3397891291077164,0.0009343105585418732,-9.102467668774201,-3.860036452000042,-5.970481354821791,0.08141372325572124,-0.6529752914792867,1.5944594140673158,0.1867527073189846,-0.19059057259895223
141,-1.2456470626472718,1.884571131562197,5.119872648025249,-0.08540242922347664,-3.644276072128534,-25.371224627905224,0.2925754122992754,-3.9463667215218203,1.5419692656212307,2.1538221173128864,-4.774767864864774,-26.623900996473765,-15.662757178803195,0.9606049592067054,-0.2346860352224262,0.8574285815025918,-7.169953736681308,-1.214315688393192,0.7467298645008072
142,-3.8332639126579138,-15.241899165054203,-3.640622642877145,0.012674502993027296,0.5315780703756108,-27.034535109123915,0.7984683903374563,-7.4024445215324155,-1.1880694635575881,-1.2844844627344658,0.5885504751020287,-12.744014966121462,-2.3735921626484737,-5.039468660113591,0.18230243107837013,0.40007571342304654,3.0701778484036435,0.9718873863386108,-0.7873541987150282
143,-8.343388295885873,-25.31854125173447,-2.6503414397098273,0.011682535381239844,-5.9382218882937625,-17.582802920812696,-6.536419026894391,-19.375364300277788,-0.9094720605510748,-1.8400074831867648,0.652911782393685,-13.999485390979288,0.48493678789708206,-4.3386825838768655,0.10835630142245843,0.20592163896876442,0.741456665095563,0.576931028840206,-0.3647613355143231
144,-3.3859170325727304,-15.092853068923068,-2.7794407320548307,0.0020092048004735786,-3.8814626552155156,-14.663921975265662,-1.2792812365175972,-8.192978023328724,-0.7541115497880422,-0.8577252441139804,1.6784710273019956,-11.873973614761484,3.2815930107401137,-0.8050737001170825,0.10164621631070152,0.3230198646171631,-0.07723324320342395,0.8902608379375563,-0.33943879265342
145,-1.6770508302715093,-16.936510729756506,-2.195088920882884,0.034598952352079104,-2.410166197744242,1.024735140098663,-2.8796082057145975,0.7468565984779456,-0.7992930757665274,-0.8931118677390683,-0.34054342828060447,-3.8166006357524953,-2.839860389776806,0.40605115936482994,-0.04277762371286109,-0.5354947039961386,-0.18893099928569623,-0.5004416357188018,-0.5600369058264449
146,-0.7295103846825941,-17.028429716623116,0.19715472147045932,-0.02552907880365464,-1.3614513376509358,-21.64680510989674,-6.504909808501639,-3.523721431793474,0.467428890414193,0.36141066959342694,-0.7566222864499861,-16.181972899543652,-11.83390637242939,-1.0810027536730358,-0.100579212706306,0.1685725008925617,-0.5242547931169517,-0.21062927858017022,-0.1488488060486838
147,0.3486059273681801,-18.028188592502826,-2.4057763493399804,0.020774909187336953,-4.655945572474001,6.0722258913755915,-0.692833968476112,0.3908884944735611,-0.6395124064341939,-0.5478533111688655,0.9660409379658905,-15.36475531353601,-1.6155947464543763,-2.1809951997520125,0.005462551950113886,-0.06485864206280491,1.3863037522235937,0.16273423028200137,-0.3119361858533263
148,2.029492350842255,-7.225288416241313,-0.15606375162733688,0.04565426579542031,-12.457313142859473,5.851621739050074,4.226667878855164,1.633049972574832,-1.0694859675417254,-1.7589254386085957,-1.0735011983831295,-7.478782748491024,-9.135043329824034,-2.3364604104544124,0.020549782972708194,-0.8812329206522433,-1.1218880563700901,-0.3664448118109045,0.29070435351954493
149,3.433363163802757,-12.009277510813988,6.005469199618212,-0.05908679920080823,1.7755268288903956,-44.655276526706906,7.650576723562507,-15.716117063492709,1.3202014307076828,1.286270300390923,-5.262596277763809,7.410868788159338,-31.339694277436976,-4.490613886454412,-0.2057299673265907,-0.4633040792148086,-4.010078438077989,-1.1560918633805928,1.2834907884217308
150,-3.604038419260221,-20.346237093102253,-1.8382203377522348,0.013908021087927026,-1.6451526495141713,-1.516805971834141,-5.091822801359906,1.2236861305063602,-0.5190559896011521,-1.0301759133608543,0.4212390356702804,-8.496866426038398,-6.249553655676007,0.3991452851541968,-0.0286930908677861,-0.3361911579515966,0.1769213333739501,-0.36949494618391027,-0.2975266060078714
151,-1.6798368465804583,-12.769829025592493,-2.886025966144923,-0.0075001025268050265,2.012345842330417,-18.71212731629483,0.3906925577868954,-3.997926280404106,-0.6634588483596174,-1.2319810130630584,0.8264923292547846,-4.929563295581794,-3.722825577073081,-2.649072904032593,0.08927427697680508,0.33808564104707883,0.1169209989002431,0.7807307212449162,-0.20591967451590124
152,-4.956437637424843,-14.637796713423732,0.32675571390465896,-0.009520248345452715,-3.1840330430891637,2.450732698510505,1.1548300743836046,-11.847427748500596,0.35915745827068735,0.10719071123536855,-0.23590961388271925,-27.22928222428312,0.44029657558217217,0.5512289782149715,-0.07004700122063931,0.2570035657940483,-1.5750611785730304,-0.07760822636588455,-0.10614460158520839
153,1.3366101137350883,-5.207946067198176,2.284530684880441,-0.052186382909323134,-13.073678890689411,-4.367363627632392,-1.4344665965941372,-4.1334316768457935,0.5245378093155174,1.8303999005267715,0.278289971419047,-9.306241567706824,-28.423316629422594,-0.3554959968737085,-0.1644411492202324,0.09978012002790408,-5.0292078938561255,-0.8669957085761391,0.4441780969764967
154,-3.5350586320284103,-17.55324816867804,-3.203587665789085,0.03286567319586209,-8.999591079092427,-0.45433327105477694,-1.6150630149963452,-5.33669730519886,-1.0862851319387046,-0.9650738828565152,1.0881849018171688,-13.844144161403538,-2.9955510391654743,-3.591137136166279,0.07610137108765774,-0.18326843250196923,2.8928688806821494,0.266178539164284,-0.12534799499754473
155,-1.326422232795644,3.0354496429082403,-1.4037358060498581,-0.016927883963641546,-3.834934520866203,-19.10281642862063,-5.352381010555965,-0.30402123465506836,0.48622610982437464,-0.44874917710493395,-0.3858214098435432,-2.555292990312438,-2.4321160030869056,-9.136233394293933,-0.08977089855686207,0.06153252664567606,-1.2107836609939613,0.14964558081431853,-0.14238374047022492
156,-9.69425067646895,-30.109813563917854,-3.489251100638276,0.029400961856988376,-8.422892349081103,-10.58432755821517,-10.397854696184861,-22.413491732257377,-1.2947524715384575,-2.1456175718003663,0.007975756381689458,-21.361116859020647,1.0832154428594123,-10.134180377655543,0.13307092253756414,-0.009720796893689099,1.3838277045910437,0.6462816165276766,-0.21096002601573752
157,2.4330875430035572,-0.7909070083980403,2.4374734702876535,-0.05332475703613519,-4.052701529530128,-24.994071052067124,1.297771972871646,-6.377571740895146,1.1811279284447478,0.7078102488409928,-1.5904313747236642,-6.65724956073192,-15.393901882701075,0.8897571433682352,-0.2370635467486441,-0.06505536860865702,-7.332760886443152,-0.9312103248424852,0.662719357607974
158,-4.910420821475766,-8.469234343381652,-0.5257831951260636,-0.025691675989868403,-8.14243366770479,-19.041897654892253,-7.325944189306812,-5.790325063505322,0.34938255203494284,-1.1800389497106554,0.22240029325061794,-15.186424797277596,-0.7644251423739679,-2.85265838593977,-0.040679022478464485,0.3700587564678943,-0.20387965587045231,0.20450022356168066,-0.07373568744814177
159,-1.1113433468394471,-15.509888962063675,-2.6775873254610696,0.027676646319769974,-0.680222954419508,1.5107554404690244,-4.317823580410263,-5.009939425387949,-0.9358214902832281,-0.7900304450150446,-0.907601028119186,-16.018254730048422,-0.22407783652173308,-3.449819335355132,0.016806236256992853,-0.42646083266322077,0.22732187658010106,0.4058105722645208,-0.5562856733163386
160,-3.0276556480605414,-24.1700529383458,-1.4099304379750621,-0.01128919949221079,-6.455716346286379,-18.505574335939457,-5.03584984386109,-18.15138875716077,-0.43864272934674803,-1.6890449098366052,2.1266516424558732,-9.248289413527843,4.410454843823185,-3.4530613730836057,0.03947603662737671,0.32996392016248227,1.4163631019900371,0.6881031284107474,-0.26396141498206444
161,-2.1939901891116795,0.04464462640298983,1.6316592248764539,-0.020202141792497203,3.9071994256271276,-22.570982465413117,-3.739736316028279,-1.3685907915643423,0.6447672404036593,1.4532391713325274,-0.5149898727151212,-32.30936238900233,-2.456238226663457,1.0450149968049927,-0.14565163627026537,0.09247663185377326,-3.425089826117537,-0.5136039871659929,0.46822259984725423
162,5.895255649558808,1.1480499741450654,-0.05943089281834979,0.008690603241523391,7.028413817974669,-0.0006664886344722731,8.019260742257934,2.4434868248212904,-0.37980882534783017,-0.4054920171053916,-1.5937145707157443,-20.92043605818948,-12.288487733714565,-4.150138856337052,-0.00014655855671984186,0.16701389739342154,-0.5549360220722156,0.17725743582016532,-0.2942021821596637
163,1.8381619147617272,-3.6030314199585813,-2.0715571704289246,0.0038020492018815376,-2.436842368146611,-15.857734426252375,-1.1191235687702683,-2.099226793687206,-0.4351996951136566,-1.2102410610472432,1.0464754600620394,-24.83966621598922,0.7980810564320926,-6.2154454627351745,0.05454066854578947,0.42267425938526376,0.8018382627160501,0.6112409022075901,-0.572710360973359
164,-4.330770747122299,-11.735140045634404,-4.019033644869208,0.018680478883945657,-1.941207660144137,-49.85101836062875,5.465642926500754,-8.921649240603827,-1.2480778614772279,-1.9439366936939122,1.0057774174430794,-21.23305119818918,-0.9492713643895172,-7.206381956905071,0.24755792919282643,0.5595566325960322,3.6833868836721084,1.1814415041787816,-1.005861917729783
165,-5.817504838260023,-18.42613720868728,-2.822588902276113,-0.0058889724370479336,-4.656662714649076,-36.834302027135536,-2.1694696427357245,-21.123700631520954,-0.9123906380650342,-1.5422723989880471,0.6803060476084748,-9.025279345447249,3.2724143554631393,1.3832822480189695,0.1312864266172007,0.33228217118609393,0.13727042658638444,1.1973117309549062,-0.24535266864086736
166,-3.753563472929555,-11.312117917855025,-1.6479865696354659,0.005258249309025289,-2.839011718375252,-23.746432040917263,-0.9539557470520146,-7.972853622028348,-0.6356393694707516,-2.432638877047327,1.2677805915745546,-22.056901082091173,-0.011771480235633902,-2.8648541865272223,0.1120057565319655,0.127372658785126,1.6738666409076408,0.7687493316256621,-0.26120446394290786
167,-2.6991536728524093,-11.169824795301798,-1.1487748827014463,0.007530545804242136,1.580074209629279,-3.552641929330556,-1.4003660167107421,-6.15583966652224,-0.2698005090644948,-0.09842199414572053,0.47529778214012386,-27.83848023917769,-2.9991715723052748,1.6111831302884159,0.03150521791436463,0.2600564574087689,-1.0172022902302666,0.06350406772655828,0.17352374096963347
168,-1.524995861284248,-14.467241395367562,-1.9592592541428009,0.0468390891652128,-8.337654808240657,-9.789716868532595,-3.2891973694709327,-20.75702684398923,-1.5065126613467297,-1.8939181205295847,1.7613120869936856,-12.290606123511072,4.811050739590797,-3.9552230074051202,0.06583103936044939,-0.660590348634686,-0.7602978991042938,-0.19041441948182047,0.2891992623279134
